{
  "within_transformer": {
    "mean": 0.3828668689867221,
    "std": 0.12854072882769205,
    "min": 0.08677349251872699,
    "max": 0.7684458926489605
  },
  "within_optimal_transport": {
    "mean": 0.5751389512108642,
    "std": 0.07569038568957367,
    "min": 0.27753190312612125,
    "max": 0.8213868085450017
  },
  "cross_topic": {
    "mean": 0.3059975698580539,
    "std": 0.06194105593050342,
    "min": 0.10726093781495386,
    "max": 0.5947330150217394
  }
}